trial_id,status,epochs_completed,duration_seconds
0,completed,75,13392.81786441803
1,completed,75,12837.587450027466
2,completed,75,13006.310859441757
5,completed,75,14880.496549606323
7,completed,75,13388.919845104218
