trial_id,status,epochs_completed,duration_seconds
0,completed,75,12931.941099882126
2,completed,75,13433.138651132584
3,completed,75,13695.073300123215
6,completed,75,11822.792298078537
